campaign_date,channel_name,ad_spend,impressions,clicks,conversions,revenue_generated
2026-02-01,Google Ads,1500000,45000,1200,85,8500000
2026-02-01,Meta Ads,2200000,72000,2400,140,15400000
2026-02-01,TikTok Ads,1800000,95000,3100,110,9800000
2026-02-02,Google Ads,1600000,48000,1350,92,9200000
2026-02-02,Meta Ads,2100000,68000,2150,128,13900000
2026-02-02,TikTok Ads,1950000,102000,3400,118,10500000
2026-02-03,Google Ads,1450000,43000,1180,80,8100000
2026-02-03,Meta Ads,2300000,75000,2550,152,16800000
2026-02-03,TikTok Ads,1750000,91000,2900,105,9400000
